Daily update: Mon Oct 27 17:41:02 UTC 2025
Daily update: Mon Oct 27 17:41:12 UTC 2025
Daily update: Tue Oct 28 09:40:31 UTC 2025
Daily update: Wed Oct 29 09:39:55 UTC 2025
Daily update: Thu Oct 30 09:40:34 UTC 2025
Daily update: Fri Oct 31 09:40:06 UTC 2025
Daily update: Sat Nov  1 09:35:59 UTC 2025
Daily update: Sun Nov  2 09:35:28 UTC 2025
Daily update: Mon Nov  3 09:43:17 UTC 2025
Daily update: Tue Nov  4 09:42:25 UTC 2025
Daily update: Wed Nov  5 09:42:43 UTC 2025
Daily update: Thu Nov  6 09:41:24 UTC 2025
